de,,Jong
,,Jansen
de,,Vries
van,de/den/der,Berg
van,,Dijk
,,Bakker
,,Janssen
,,Visser
,,Smit
,,Meijer/Meyer
de,,Boer
,,Mulder
de,,Groot
,,Bos
,,Vos
,,Peters
,,Hendriks
van,,Leeuwen
,,Dekker
,,Brouwer
de,,Wit
,,Dijkstra
,,Smits
de,,Graaf
van,der,Meer
van,der,Linden
,,Kok
,,Jacobs
de,,Haan
,,Vermeulen
van,den,Heuvel
van,de/der,Veen
van,den,Broek
de,,Bruijn/Bruyn
de,,Bruin
van,der,Heijden/Heyden
,,Schouten
van,,Beek
,,Willems
van,,Vliet
van,de/der,Ven
,,Hoekstra
,,Maas
,,Verhoeven
,,Koster
van,,Dam
van,de/der,Wal
,,Prins
,,Blom
,,Huisman
,,Peeters
de,,Jonge
,,Kuipers
van,,Veen
,,Post
,,Kuiper
,,Veenstra
,,Kramer
van,de/den,Brink
,,Scholten
van,,Wijk
,,Postma
,,Martens
,,Vink
de,,Ruiter
,,Timmermans
,,Groen
,,Gerritsen
,,Jonker
van,,Loon
,,Boer
van,de/den/der,Velde
,,Willemsen
,,Smeets
de,,Lange
de,,Vos
,,Bosch
van,,Dongen
,,Schipper
de,,Koning
van,der,Laan
,,Koning
van,de/den/der,Velden
,,Driessen
van,,Doorn
,,Hermans
,,Evers
van,den,Bosch
van,der,Meulen
,,Hofman
,,Bosman
,,Wolters
,,Sanders
van,der,Horst
,,Mol
,,Kuijpers
,,Molenaar
van,de/den/der,Pol
de,,Leeuw
,,Verbeek
